id,title,description
1,Title 1,
2,Title 2,
3,Title 3,
4,Title 4,
5,Title 5,
6,Title 6,
7,Title 7,
8,Title 8,
9,Title 9,
10,Title 10,
11,Title 11,
12,Title 12,
13,Title 13,
14,Title 14,
15,Title 15,
16,Title 16,
17,Title 17,
18,Title 18,
19,Title 19,
20,Title 20,
21,Title 21,
22,Title 22,
23,Title 23,
24,Title 24,
25,Title 25,
26,Title 26,
27,Title 27,
28,Title 28,
29,Title 29,
30,Title 30,
31,Title 31,
32,Title 32,
33,Title 33,
34,Title 34,
35,Title 35,
36,Title 36,
37,Title 37,
38,Title 38,
39,Title 39,
40,Title 40,
41,Title 41,
42,Title 42,
43,Title 43,
44,Title 44,
45,Title 45,
46,Title 46,
47,Title 47,
48,Title 48,
49,Title 49,
50,Title 50,
51,Title 51,
52,Title 52,
53,Title 53,
54,Title 54,
55,Title 55,
56,Title 56,
57,Title 57,
58,Title 58,
59,Title 59,
60,Title 60,
61,Title 61,
62,Title 62,
63,Title 63,
64,Title 64,
65,Title 65,
66,Title 66,
67,Title 67,
68,Title 68,
69,Title 69,
70,Title 70,
71,Title 71,
72,Title 72,
73,Title 73,
74,Title 74,
75,Title 75,
76,Title 76,
77,Title 77,
78,Title 78,
79,Title 79,
80,Title 80,
81,Title 81,
82,Title 82,
83,Title 83,
84,Title 84,
85,Title 85,
86,Title 86,
87,Title 87,
88,Title 88,
89,Title 89,
90,Title 90,
91,Title 91,
92,Title 92,
93,Title 93,
94,Title 94,
95,Title 95,
96,Title 96,
97,Title 97,
98,Title 98,
99,Title 99,
100,Title 100,
